file name,predict result
0.bmp,
1.bmp,
2.bmp,
3.bmp,
4.bmp,
5.bmp,
6.bmp,
7.bmp,
8.bmp,
9.bmp,
10.bmp,
11.bmp,
12.bmp,
13.bmp,
14.bmp,
15.bmp,
16.bmp,
17.bmp,
18.bmp,
19.bmp,
20.bmp,
21.bmp,
22.bmp,
23.bmp,
24.bmp,
25.bmp,
26.bmp,
27.bmp,
28.bmp,
29.bmp,
30.bmp,
31.bmp,
32.bmp,
33.bmp,
34.bmp,
35.bmp,
36.bmp,
37.bmp,
38.bmp,
39.bmp,
40.bmp,
41.bmp,
42.bmp,
43.bmp,
44.bmp,
45.bmp,
46.bmp,
47.bmp,
48.bmp,
49.bmp,
50.bmp,
51.bmp,
52.bmp,
53.bmp,
54.bmp,
55.bmp,
56.bmp,
57.bmp,
58.bmp,
59.bmp,
60.bmp,
61.bmp,
62.bmp,
63.bmp,
64.bmp,
65.bmp,
66.bmp,
67.bmp,
68.bmp,
69.bmp,
70.bmp,
71.bmp,
72.bmp,
73.bmp,
74.bmp,
75.bmp,
76.bmp,
77.bmp,
78.bmp,
79.bmp,
80.bmp,
81.bmp,
82.bmp,
83.bmp,
84.bmp,
85.bmp,
86.bmp,
87.bmp,
88.bmp,
89.bmp,
90.bmp,
91.bmp,
92.bmp,
93.bmp,
94.bmp,
95.bmp,
96.bmp,
97.bmp,
98.bmp,
99.bmp,
100.bmp,
101.bmp,
102.bmp,
103.bmp,
104.bmp,
105.bmp,
106.bmp,
107.bmp,
108.bmp,
109.bmp,
110.bmp,
111.bmp,
112.bmp,
113.bmp,
114.bmp,
115.bmp,
116.bmp,
117.bmp,
118.bmp,
119.bmp,
120.bmp,
121.bmp,
122.bmp,
123.bmp,
124.bmp,
125.bmp,
126.bmp,
127.bmp,
128.bmp,
129.bmp,
130.bmp,
131.bmp,
132.bmp,
133.bmp,
134.bmp,
135.bmp,
136.bmp,
137.bmp,
138.bmp,
139.bmp,
140.bmp,
141.bmp,
142.bmp,
143.bmp,
144.bmp,
145.bmp,
146.bmp,
147.bmp,
148.bmp,
149.bmp,
150.bmp,
151.bmp,
152.bmp,
153.bmp,
154.bmp,
155.bmp,
156.bmp,
157.bmp,
158.bmp,
159.bmp,
160.bmp,
161.bmp,
162.bmp,
163.bmp,
164.bmp,
165.bmp,
166.bmp,
167.bmp,
168.bmp,
169.bmp,
170.bmp,
171.bmp,
172.bmp,
173.bmp,
174.bmp,
175.bmp,
176.bmp,
177.bmp,
178.bmp,
179.bmp,
180.bmp,
181.bmp,
182.bmp,
183.bmp,
184.bmp,
185.bmp,
186.bmp,
187.bmp,
188.bmp,
189.bmp,
190.bmp,
191.bmp,
192.bmp,
193.bmp,
194.bmp,
195.bmp,
196.bmp,
197.bmp,
198.bmp,
199.bmp,
200.bmp,
201.bmp,
202.bmp,
203.bmp,
204.bmp,
205.bmp,
206.bmp,
207.bmp,
208.bmp,
209.bmp,
210.bmp,
211.bmp,
212.bmp,
213.bmp,
214.bmp,
215.bmp,
216.bmp,
217.bmp,
218.bmp,
219.bmp,
220.bmp,
221.bmp,
222.bmp,
223.bmp,
224.bmp,
225.bmp,
226.bmp,
227.bmp,
228.bmp,
229.bmp,
230.bmp,
231.bmp,
232.bmp,
233.bmp,
234.bmp,
235.bmp,
236.bmp,
237.bmp,
238.bmp,
239.bmp,
240.bmp,
241.bmp,
242.bmp,
243.bmp,
244.bmp,
245.bmp,
246.bmp,
247.bmp,
248.bmp,
249.bmp,
250.bmp,
251.bmp,
252.bmp,
253.bmp,
254.bmp,
255.bmp,
256.bmp,
257.bmp,
258.bmp,
259.bmp,
260.bmp,
261.bmp,
262.bmp,
263.bmp,
264.bmp,
265.bmp,
266.bmp,
267.bmp,
268.bmp,
269.bmp,
270.bmp,
271.bmp,
272.bmp,
273.bmp,
274.bmp,
275.bmp,
276.bmp,
277.bmp,
278.bmp,
279.bmp,
280.bmp,
281.bmp,
282.bmp,
283.bmp,
284.bmp,
285.bmp,
286.bmp,
287.bmp,
288.bmp,
289.bmp,
290.bmp,
291.bmp,
292.bmp,
293.bmp,
294.bmp,
295.bmp,
296.bmp,
297.bmp,
298.bmp,
299.bmp,
300.bmp,
301.bmp,
302.bmp,
303.bmp,
304.bmp,
305.bmp,
306.bmp,
307.bmp,
308.bmp,
309.bmp,
310.bmp,
311.bmp,
312.bmp,
313.bmp,
314.bmp,
315.bmp,
316.bmp,
317.bmp,
318.bmp,
319.bmp,
320.bmp,
321.bmp,
322.bmp,
323.bmp,
324.bmp,
325.bmp,
326.bmp,
327.bmp,
328.bmp,
329.bmp,
330.bmp,
331.bmp,
332.bmp,
333.bmp,
334.bmp,
335.bmp,
336.bmp,
337.bmp,
338.bmp,
339.bmp,
340.bmp,
341.bmp,
342.bmp,
343.bmp,
344.bmp,
345.bmp,
346.bmp,
347.bmp,
348.bmp,
349.bmp,
350.bmp,
351.bmp,
352.bmp,
353.bmp,
354.bmp,
355.bmp,
356.bmp,
357.bmp,
358.bmp,
359.bmp,
360.bmp,
361.bmp,
362.bmp,
363.bmp,
364.bmp,
365.bmp,
366.bmp,
367.bmp,
368.bmp,
369.bmp,
370.bmp,
371.bmp,
372.bmp,
373.bmp,
374.bmp,
375.bmp,
376.bmp,
377.bmp,
378.bmp,
379.bmp,
380.bmp,
381.bmp,
382.bmp,
383.bmp,
384.bmp,
385.bmp,
386.bmp,
387.bmp,
388.bmp,
389.bmp,
390.bmp,
391.bmp,
392.bmp,
393.bmp,
394.bmp,
395.bmp,
396.bmp,
397.bmp,
398.bmp,
399.bmp,
400.bmp,
401.bmp,
402.bmp,
403.bmp,
404.bmp,
405.bmp,
406.bmp,
407.bmp,
408.bmp,
409.bmp,
410.bmp,
411.bmp,
412.bmp,
413.bmp,
414.bmp,
415.bmp,
416.bmp,
417.bmp,
418.bmp,
419.bmp,
420.bmp,
421.bmp,
422.bmp,
423.bmp,
424.bmp,
425.bmp,
426.bmp,
427.bmp,
428.bmp,
429.bmp,
430.bmp,
431.bmp,
432.bmp,
433.bmp,
434.bmp,
435.bmp,
436.bmp,
437.bmp,
438.bmp,
439.bmp,
440.bmp,
441.bmp,
442.bmp,
443.bmp,
444.bmp,
445.bmp,
446.bmp,
447.bmp,
448.bmp,
449.bmp,
450.bmp,
451.bmp,
452.bmp,
453.bmp,
454.bmp,
455.bmp,
456.bmp,
457.bmp,
458.bmp,
459.bmp,
460.bmp,
461.bmp,
462.bmp,
463.bmp,
464.bmp,
465.bmp,
466.bmp,
467.bmp,
468.bmp,
469.bmp,
470.bmp,
471.bmp,
472.bmp,
473.bmp,
474.bmp,
475.bmp,
476.bmp,
477.bmp,
478.bmp,
479.bmp,
480.bmp,
481.bmp,
482.bmp,
483.bmp,
484.bmp,
485.bmp,
486.bmp,
487.bmp,
488.bmp,
489.bmp,
490.bmp,
491.bmp,
492.bmp,
493.bmp,
494.bmp,
495.bmp,
496.bmp,
497.bmp,
498.bmp,
499.bmp,
500.bmp,
501.bmp,
502.bmp,
503.bmp,
504.bmp,
505.bmp,
506.bmp,
507.bmp,
508.bmp,
509.bmp,
510.bmp,
511.bmp,
512.bmp,
513.bmp,
514.bmp,
515.bmp,
516.bmp,
517.bmp,
518.bmp,
519.bmp,
520.bmp,
521.bmp,
522.bmp,
523.bmp,
524.bmp,
525.bmp,
526.bmp,
527.bmp,
528.bmp,
529.bmp,
530.bmp,
531.bmp,
532.bmp,
533.bmp,
534.bmp,
535.bmp,
536.bmp,
537.bmp,
538.bmp,
539.bmp,
540.bmp,
541.bmp,
542.bmp,
543.bmp,
544.bmp,
545.bmp,
546.bmp,
547.bmp,
548.bmp,
549.bmp,
550.bmp,
551.bmp,
552.bmp,
553.bmp,
554.bmp,
555.bmp,
556.bmp,
557.bmp,
558.bmp,
559.bmp,
560.bmp,
561.bmp,
562.bmp,
563.bmp,
564.bmp,
565.bmp,
566.bmp,
567.bmp,
568.bmp,
569.bmp,
570.bmp,
571.bmp,
572.bmp,
573.bmp,
574.bmp,
575.bmp,
576.bmp,
577.bmp,
578.bmp,
579.bmp,
580.bmp,
581.bmp,
582.bmp,
583.bmp,
584.bmp,
585.bmp,
586.bmp,
587.bmp,
588.bmp,
589.bmp,
590.bmp,
591.bmp,
592.bmp,
593.bmp,
594.bmp,
595.bmp,
596.bmp,
597.bmp,
598.bmp,
599.bmp,
600.bmp,
601.bmp,
602.bmp,
603.bmp,
604.bmp,
605.bmp,
606.bmp,
607.bmp,
608.bmp,
609.bmp,
610.bmp,
611.bmp,
612.bmp,
613.bmp,
614.bmp,
615.bmp,
616.bmp,
617.bmp,
